institution_id,account_id,owners,names,emails,phones
ins_109508,7BD8PmlNy9S5vXPvqbgWTxzwMGkp9EcdbMK8o,"[{""addresses"":[{""data"":{""city"":""Malakoff"",""country"":""US"",""postal_code"":""14236"",""region"":""NY"",""street"":""2992 Cameron Road""},""primary"":true},{""data"":{""city"":""San Matias"",""country"":""US"",""postal_code"":""93405-2255"",""region"":""CA"",""street"":""2493 Leisure Lane""},""primary"":false}],""emails"":[{""data"":""accountholder0@example.com"",""primary"":true,""type"":""primary""},{""data"":""accountholder1@example.com"",""primary"":false,""type"":""secondary""},{""data"":""extraordinarily.long.email.username.123456@reallylonghostname.com"",""primary"":false,""type"":""other""}],""names"":[""Alberta Bobbeth Charleson""],""phone_numbers"":[{""data"":""1112223333"",""primary"":false,""type"":""home""},{""data"":""1112224444"",""primary"":false,""type"":""work""},{""data"":""1112225555"",""primary"":false,""type"":""mobile""}]}]",[],[null],[null]
ins_109508,eoWb631DemtnG5MGWQJKtXvGPo6adeirv7law,"[{""addresses"":[{""data"":{""city"":""Malakoff"",""country"":""US"",""postal_code"":""14236"",""region"":""NY"",""street"":""2992 Cameron Road""},""primary"":true},{""data"":{""city"":""San Matias"",""country"":""US"",""postal_code"":""93405-2255"",""region"":""CA"",""street"":""2493 Leisure Lane""},""primary"":false}],""emails"":[{""data"":""accountholder0@example.com"",""primary"":true,""type"":""primary""},{""data"":""accountholder1@example.com"",""primary"":false,""type"":""secondary""},{""data"":""extraordinarily.long.email.username.123456@reallylonghostname.com"",""primary"":false,""type"":""other""}],""names"":[""Alberta Bobbeth Charleson""],""phone_numbers"":[{""data"":""1112223333"",""primary"":false,""type"":""home""},{""data"":""1112224444"",""primary"":false,""type"":""work""},{""data"":""1112225555"",""primary"":false,""type"":""mobile""}]}]",[],[null],[null]
ins_109508,QKD9z6mAP3ugeqEeWZvyTjBa1y4n9LfwP3WG8,"[{""addresses"":[{""data"":{""city"":""Malakoff"",""country"":""US"",""postal_code"":""14236"",""region"":""NY"",""street"":""2992 Cameron Road""},""primary"":true},{""data"":{""city"":""San Matias"",""country"":""US"",""postal_code"":""93405-2255"",""region"":""CA"",""street"":""2493 Leisure Lane""},""primary"":false}],""emails"":[{""data"":""accountholder0@example.com"",""primary"":true,""type"":""primary""},{""data"":""accountholder1@example.com"",""primary"":false,""type"":""secondary""},{""data"":""extraordinarily.long.email.username.123456@reallylonghostname.com"",""primary"":false,""type"":""other""}],""names"":[""Alberta Bobbeth Charleson""],""phone_numbers"":[{""data"":""1112223333"",""primary"":false,""type"":""home""},{""data"":""1112224444"",""primary"":false,""type"":""work""},{""data"":""1112225555"",""primary"":false,""type"":""mobile""}]}]",[],[null],[null]
ins_109508,ZNWdb6eAzmsEk4akbWvMTgVx3Z1ARQuearDJ5,"[{""addresses"":[{""data"":{""city"":""Malakoff"",""country"":""US"",""postal_code"":""14236"",""region"":""NY"",""street"":""2992 Cameron Road""},""primary"":true},{""data"":{""city"":""San Matias"",""country"":""US"",""postal_code"":""93405-2255"",""region"":""CA"",""street"":""2493 Leisure Lane""},""primary"":false}],""emails"":[{""data"":""accountholder0@example.com"",""primary"":true,""type"":""primary""},{""data"":""accountholder1@example.com"",""primary"":false,""type"":""secondary""},{""data"":""extraordinarily.long.email.username.123456@reallylonghostname.com"",""primary"":false,""type"":""other""}],""names"":[""Alberta Bobbeth Charleson""],""phone_numbers"":[{""data"":""1112223333"",""primary"":false,""type"":""home""},{""data"":""1112224444"",""primary"":false,""type"":""work""},{""data"":""1112225555"",""primary"":false,""type"":""mobile""}]}]",[],[null],[null]
ins_109508,MADEl6oVdKtk9W49Lo3xsa9JLEjRwBULXe84K,"[{""addresses"":[{""data"":{""city"":""Malakoff"",""country"":""US"",""postal_code"":""14236"",""region"":""NY"",""street"":""2992 Cameron Road""},""primary"":true},{""data"":{""city"":""San Matias"",""country"":""US"",""postal_code"":""93405-2255"",""region"":""CA"",""street"":""2493 Leisure Lane""},""primary"":false}],""emails"":[{""data"":""accountholder0@example.com"",""primary"":true,""type"":""primary""},{""data"":""accountholder1@example.com"",""primary"":false,""type"":""secondary""},{""data"":""extraordinarily.long.email.username.123456@reallylonghostname.com"",""primary"":false,""type"":""other""}],""names"":[""Alberta Bobbeth Charleson""],""phone_numbers"":[{""data"":""1112223333"",""primary"":false,""type"":""home""},{""data"":""1112224444"",""primary"":false,""type"":""work""},{""data"":""1112225555"",""primary"":false,""type"":""mobile""}]}]",[],[null],[null]
ins_109508,1GEPJ5mB79tl7eM7DmLnfr5m8wEGXqCp9ZGqk,"[{""addresses"":[{""data"":{""city"":""Malakoff"",""country"":""US"",""postal_code"":""14236"",""region"":""NY"",""street"":""2992 Cameron Road""},""primary"":true},{""data"":{""city"":""San Matias"",""country"":""US"",""postal_code"":""93405-2255"",""region"":""CA"",""street"":""2493 Leisure Lane""},""primary"":false}],""emails"":[{""data"":""accountholder0@example.com"",""primary"":true,""type"":""primary""},{""data"":""accountholder1@example.com"",""primary"":false,""type"":""secondary""},{""data"":""extraordinarily.long.email.username.123456@reallylonghostname.com"",""primary"":false,""type"":""other""}],""names"":[""Alberta Bobbeth Charleson""],""phone_numbers"":[{""data"":""1112223333"",""primary"":false,""type"":""home""},{""data"":""1112224444"",""primary"":false,""type"":""work""},{""data"":""1112225555"",""primary"":false,""type"":""mobile""}]}]",[],[null],[null]
ins_109508,LWDgM6owxqtZbnNb14BvTdbAXxRMkVik6lyeQ,"[{""addresses"":[{""data"":{""city"":""Malakoff"",""country"":""US"",""postal_code"":""14236"",""region"":""NY"",""street"":""2992 Cameron Road""},""primary"":true},{""data"":{""city"":""San Matias"",""country"":""US"",""postal_code"":""93405-2255"",""region"":""CA"",""street"":""2493 Leisure Lane""},""primary"":false}],""emails"":[{""data"":""accountholder0@example.com"",""primary"":true,""type"":""primary""},{""data"":""accountholder1@example.com"",""primary"":false,""type"":""secondary""},{""data"":""extraordinarily.long.email.username.123456@reallylonghostname.com"",""primary"":false,""type"":""other""}],""names"":[""Alberta Bobbeth Charleson""],""phone_numbers"":[{""data"":""1112223333"",""primary"":false,""type"":""home""},{""data"":""1112224444"",""primary"":false,""type"":""work""},{""data"":""1112225555"",""primary"":false,""type"":""mobile""}]}]",[],[null],[null]
ins_109508,pznagZ9mkWhbEVMEx6ANu5brjnBzx1uplENJg,"[{""addresses"":[{""data"":{""city"":""Malakoff"",""country"":""US"",""postal_code"":""14236"",""region"":""NY"",""street"":""2992 Cameron Road""},""primary"":true},{""data"":{""city"":""San Matias"",""country"":""US"",""postal_code"":""93405-2255"",""region"":""CA"",""street"":""2493 Leisure Lane""},""primary"":false}],""emails"":[{""data"":""accountholder0@example.com"",""primary"":true,""type"":""primary""},{""data"":""accountholder1@example.com"",""primary"":false,""type"":""secondary""},{""data"":""extraordinarily.long.email.username.123456@reallylonghostname.com"",""primary"":false,""type"":""other""}],""names"":[""Alberta Bobbeth Charleson""],""phone_numbers"":[{""data"":""1112223333"",""primary"":false,""type"":""home""},{""data"":""1112224444"",""primary"":false,""type"":""work""},{""data"":""1112225555"",""primary"":false,""type"":""mobile""}]}]",[],[null],[null]
ins_109508,ornxbQ9odwhLGEPG3DmMTNLMKyVrbaioQknpD,"[{""addresses"":[{""data"":{""city"":""Malakoff"",""country"":""US"",""postal_code"":""14236"",""region"":""NY"",""street"":""2992 Cameron Road""},""primary"":true},{""data"":{""city"":""San Matias"",""country"":""US"",""postal_code"":""93405-2255"",""region"":""CA"",""street"":""2493 Leisure Lane""},""primary"":false}],""emails"":[{""data"":""accountholder0@example.com"",""primary"":true,""type"":""primary""},{""data"":""accountholder1@example.com"",""primary"":false,""type"":""secondary""},{""data"":""extraordinarily.long.email.username.123456@reallylonghostname.com"",""primary"":false,""type"":""other""}],""names"":[""Alberta Bobbeth Charleson""],""phone_numbers"":[{""data"":""1112223333"",""primary"":false,""type"":""home""},{""data"":""1112224444"",""primary"":false,""type"":""work""},{""data"":""1112225555"",""primary"":false,""type"":""mobile""}]}]",[],[null],[null]
ins_109508,g8Wvpdk6lmTGEnME9rAgsmy9wBQbVDUEN4QLJ,"[{""addresses"":[{""data"":{""city"":""Malakoff"",""country"":""US"",""postal_code"":""14236"",""region"":""NY"",""street"":""2992 Cameron Road""},""primary"":true},{""data"":{""city"":""San Matias"",""country"":""US"",""postal_code"":""93405-2255"",""region"":""CA"",""street"":""2493 Leisure Lane""},""primary"":false}],""emails"":[{""data"":""accountholder0@example.com"",""primary"":true,""type"":""primary""},{""data"":""accountholder1@example.com"",""primary"":false,""type"":""secondary""},{""data"":""extraordinarily.long.email.username.123456@reallylonghostname.com"",""primary"":false,""type"":""other""}],""names"":[""Alberta Bobbeth Charleson""],""phone_numbers"":[{""data"":""1112223333"",""primary"":false,""type"":""home""},{""data"":""1112224444"",""primary"":false,""type"":""work""},{""data"":""1112225555"",""primary"":false,""type"":""mobile""}]}]",[],[null],[null]
ins_109508,83EW6AqPy9tZwJkwXo9aTvjkayNedQiW7KVZR,"[{""addresses"":[{""data"":{""city"":""Malakoff"",""country"":""US"",""postal_code"":""14236"",""region"":""NY"",""street"":""2992 Cameron Road""},""primary"":true},{""data"":{""city"":""San Matias"",""country"":""US"",""postal_code"":""93405-2255"",""region"":""CA"",""street"":""2493 Leisure Lane""},""primary"":false}],""emails"":[{""data"":""accountholder0@example.com"",""primary"":true,""type"":""primary""},{""data"":""accountholder1@example.com"",""primary"":false,""type"":""secondary""},{""data"":""extraordinarily.long.email.username.123456@reallylonghostname.com"",""primary"":false,""type"":""other""}],""names"":[""Alberta Bobbeth Charleson""],""phone_numbers"":[{""data"":""1112223333"",""primary"":false,""type"":""home""},{""data"":""1112224444"",""primary"":false,""type"":""work""},{""data"":""1112225555"",""primary"":false,""type"":""mobile""}]}]",[],[null],[null]
ins_109508,E1Da7bvWlkFJkxokPQApfqZmXPQwy6T489PgA,"[{""addresses"":[{""data"":{""city"":""Malakoff"",""country"":""US"",""postal_code"":""14236"",""region"":""NY"",""street"":""2992 Cameron Road""},""primary"":true},{""data"":{""city"":""San Matias"",""country"":""US"",""postal_code"":""93405-2255"",""region"":""CA"",""street"":""2493 Leisure Lane""},""primary"":false}],""emails"":[{""data"":""accountholder0@example.com"",""primary"":true,""type"":""primary""},{""data"":""accountholder1@example.com"",""primary"":false,""type"":""secondary""},{""data"":""extraordinarily.long.email.username.123456@reallylonghostname.com"",""primary"":false,""type"":""other""}],""names"":[""Alberta Bobbeth Charleson""],""phone_numbers"":[{""data"":""1112223333"",""primary"":false,""type"":""home""},{""data"":""1112224444"",""primary"":false,""type"":""work""},{""data"":""1112225555"",""primary"":false,""type"":""mobile""}]}]",[],[null],[null]
ins_109509,83rVqGRwKGh7BEQrErMNSvjLKd1WXAuW1ZvRr,"[{""addresses"":[{""data"":{""city"":""Malakoff"",""country"":""US"",""postal_code"":""14236"",""region"":""NY"",""street"":""2992 Cameron Road""},""primary"":true},{""data"":{""city"":""San Matias"",""country"":""US"",""postal_code"":""93405-2255"",""region"":""CA"",""street"":""2493 Leisure Lane""},""primary"":false}],""emails"":[{""data"":""accountholder0@example.com"",""primary"":true,""type"":""primary""},{""data"":""accountholder1@example.com"",""primary"":false,""type"":""secondary""},{""data"":""extraordinarily.long.email.username.123456@reallylonghostname.com"",""primary"":false,""type"":""other""}],""names"":[""Alberta Bobbeth Charleson""],""phone_numbers"":[{""data"":""1112223333"",""primary"":false,""type"":""home""},{""data"":""1112224444"",""primary"":false,""type"":""work""},{""data"":""1112225555"",""primary"":false,""type"":""mobile""}]}]",[],[null],[null]
ins_109509,E1QEv4rNe4tBEvZGvGLaIqZRgyGejrt4RgZMV,"[{""addresses"":[{""data"":{""city"":""Malakoff"",""country"":""US"",""postal_code"":""14236"",""region"":""NY"",""street"":""2992 Cameron Road""},""primary"":true},{""data"":{""city"":""San Matias"",""country"":""US"",""postal_code"":""93405-2255"",""region"":""CA"",""street"":""2493 Leisure Lane""},""primary"":false}],""emails"":[{""data"":""accountholder0@example.com"",""primary"":true,""type"":""primary""},{""data"":""accountholder1@example.com"",""primary"":false,""type"":""secondary""},{""data"":""extraordinarily.long.email.username.123456@reallylonghostname.com"",""primary"":false,""type"":""other""}],""names"":[""Alberta Bobbeth Charleson""],""phone_numbers"":[{""data"":""1112223333"",""primary"":false,""type"":""home""},{""data"":""1112224444"",""primary"":false,""type"":""work""},{""data"":""1112225555"",""primary"":false,""type"":""mobile""}]}]",[],[null],[null]
ins_109509,LWkyoZbjlZhxaARKAKwGFdbypNjJn8tkQegmq,"[{""addresses"":[{""data"":{""city"":""Malakoff"",""country"":""US"",""postal_code"":""14236"",""region"":""NY"",""street"":""2992 Cameron Road""},""primary"":true},{""data"":{""city"":""San Matias"",""country"":""US"",""postal_code"":""93405-2255"",""region"":""CA"",""street"":""2493 Leisure Lane""},""primary"":false}],""emails"":[{""data"":""accountholder0@example.com"",""primary"":true,""type"":""primary""},{""data"":""accountholder1@example.com"",""primary"":false,""type"":""secondary""},{""data"":""extraordinarily.long.email.username.123456@reallylonghostname.com"",""primary"":false,""type"":""other""}],""names"":[""Alberta Bobbeth Charleson""],""phone_numbers"":[{""data"":""1112223333"",""primary"":false,""type"":""home""},{""data"":""1112224444"",""primary"":false,""type"":""work""},{""data"":""1112225555"",""primary"":false,""type"":""mobile""}]}]",[],[null],[null]
ins_109509,pzBp9VXLwVIo1v9kvk48S5bEdKakRZhprJ9qX,"[{""addresses"":[{""data"":{""city"":""Malakoff"",""country"":""US"",""postal_code"":""14236"",""region"":""NY"",""street"":""2992 Cameron Road""},""primary"":true},{""data"":{""city"":""San Matias"",""country"":""US"",""postal_code"":""93405-2255"",""region"":""CA"",""street"":""2493 Leisure Lane""},""primary"":false}],""emails"":[{""data"":""accountholder0@example.com"",""primary"":true,""type"":""primary""},{""data"":""accountholder1@example.com"",""primary"":false,""type"":""secondary""},{""data"":""extraordinarily.long.email.username.123456@reallylonghostname.com"",""primary"":false,""type"":""other""}],""names"":[""Alberta Bobbeth Charleson""],""phone_numbers"":[{""data"":""1112223333"",""primary"":false,""type"":""home""},{""data"":""1112224444"",""primary"":false,""type"":""work""},{""data"":""1112225555"",""primary"":false,""type"":""mobile""}]}]",[],[null],[null]
ins_109509,orzN9VLXEVTpyaJkak48UNLkpBxAmdCoMp4PA,"[{""addresses"":[{""data"":{""city"":""Malakoff"",""country"":""US"",""postal_code"":""14236"",""region"":""NY"",""street"":""2992 Cameron Road""},""primary"":true},{""data"":{""city"":""San Matias"",""country"":""US"",""postal_code"":""93405-2255"",""region"":""CA"",""street"":""2493 Leisure Lane""},""primary"":false}],""emails"":[{""data"":""accountholder0@example.com"",""primary"":true,""type"":""primary""},{""data"":""accountholder1@example.com"",""primary"":false,""type"":""secondary""},{""data"":""extraordinarily.long.email.username.123456@reallylonghostname.com"",""primary"":false,""type"":""other""}],""names"":[""Alberta Bobbeth Charleson""],""phone_numbers"":[{""data"":""1112223333"",""primary"":false,""type"":""home""},{""data"":""1112224444"",""primary"":false,""type"":""work""},{""data"":""1112225555"",""primary"":false,""type"":""mobile""}]}]",[],[null],[null]
ins_109509,g8gZkVJA9VIjzm1NmNdVHmy4dZ7JNosEVLjGd,"[{""addresses"":[{""data"":{""city"":""Malakoff"",""country"":""US"",""postal_code"":""14236"",""region"":""NY"",""street"":""2992 Cameron Road""},""primary"":true},{""data"":{""city"":""San Matias"",""country"":""US"",""postal_code"":""93405-2255"",""region"":""CA"",""street"":""2493 Leisure Lane""},""primary"":false}],""emails"":[{""data"":""accountholder0@example.com"",""primary"":true,""type"":""primary""},{""data"":""accountholder1@example.com"",""primary"":false,""type"":""secondary""},{""data"":""extraordinarily.long.email.username.123456@reallylonghostname.com"",""primary"":false,""type"":""other""}],""names"":[""Alberta Bobbeth Charleson""],""phone_numbers"":[{""data"":""1112223333"",""primary"":false,""type"":""home""},{""data"":""1112224444"",""primary"":false,""type"":""work""},{""data"":""1112225555"",""primary"":false,""type"":""mobile""}]}]",[],[null],[null]
ins_109509,83rVqGRwKGh7BEQrErMNSvjqGKVmPJCW1ZvRE,"[{""addresses"":[{""data"":{""city"":""Malakoff"",""country"":""US"",""postal_code"":""14236"",""region"":""NY"",""street"":""2992 Cameron Road""},""primary"":true},{""data"":{""city"":""San Matias"",""country"":""US"",""postal_code"":""93405-2255"",""region"":""CA"",""street"":""2493 Leisure Lane""},""primary"":false}],""emails"":[{""data"":""accountholder0@example.com"",""primary"":true,""type"":""primary""},{""data"":""accountholder1@example.com"",""primary"":false,""type"":""secondary""},{""data"":""extraordinarily.long.email.username.123456@reallylonghostname.com"",""primary"":false,""type"":""other""}],""names"":[""Alberta Bobbeth Charleson""],""phone_numbers"":[{""data"":""1112223333"",""primary"":false,""type"":""home""},{""data"":""1112224444"",""primary"":false,""type"":""work""},{""data"":""1112225555"",""primary"":false,""type"":""mobile""}]}]",[],[null],[null]
ins_109509,E1QEv4rNe4tBEvZGvGLaIqZx9gApDBC4RgZMv,"[{""addresses"":[{""data"":{""city"":""Malakoff"",""country"":""US"",""postal_code"":""14236"",""region"":""NY"",""street"":""2992 Cameron Road""},""primary"":true},{""data"":{""city"":""San Matias"",""country"":""US"",""postal_code"":""93405-2255"",""region"":""CA"",""street"":""2493 Leisure Lane""},""primary"":false}],""emails"":[{""data"":""accountholder0@example.com"",""primary"":true,""type"":""primary""},{""data"":""accountholder1@example.com"",""primary"":false,""type"":""secondary""},{""data"":""extraordinarily.long.email.username.123456@reallylonghostname.com"",""primary"":false,""type"":""other""}],""names"":[""Alberta Bobbeth Charleson""],""phone_numbers"":[{""data"":""1112223333"",""primary"":false,""type"":""home""},{""data"":""1112224444"",""primary"":false,""type"":""work""},{""data"":""1112225555"",""primary"":false,""type"":""mobile""}]}]",[],[null],[null]
ins_109509,WdxgzG48NGhZn7e676bXS1WMgwjrvAt69Po5d,"[{""addresses"":[{""data"":{""city"":""Malakoff"",""country"":""US"",""postal_code"":""14236"",""region"":""NY"",""street"":""2992 Cameron Road""},""primary"":true},{""data"":{""city"":""San Matias"",""country"":""US"",""postal_code"":""93405-2255"",""region"":""CA"",""street"":""2493 Leisure Lane""},""primary"":false}],""emails"":[{""data"":""accountholder0@example.com"",""primary"":true,""type"":""primary""},{""data"":""accountholder1@example.com"",""primary"":false,""type"":""secondary""},{""data"":""extraordinarily.long.email.username.123456@reallylonghostname.com"",""primary"":false,""type"":""other""}],""names"":[""Alberta Bobbeth Charleson""],""phone_numbers"":[{""data"":""1112223333"",""primary"":false,""type"":""home""},{""data"":""1112224444"",""primary"":false,""type"":""work""},{""data"":""1112225555"",""primary"":false,""type"":""mobile""}]}]",[],[null],[null]
ins_109509,AePbp39QN3ixvbgAbAmlFyAN5aPG3wF9j4Rkn,"[{""addresses"":[{""data"":{""city"":""Malakoff"",""country"":""US"",""postal_code"":""14236"",""region"":""NY"",""street"":""2992 Cameron Road""},""primary"":true},{""data"":{""city"":""San Matias"",""country"":""US"",""postal_code"":""93405-2255"",""region"":""CA"",""street"":""2493 Leisure Lane""},""primary"":false}],""emails"":[{""data"":""accountholder0@example.com"",""primary"":true,""type"":""primary""},{""data"":""accountholder1@example.com"",""primary"":false,""type"":""secondary""},{""data"":""extraordinarily.long.email.username.123456@reallylonghostname.com"",""primary"":false,""type"":""other""}],""names"":[""Alberta Bobbeth Charleson""],""phone_numbers"":[{""data"":""1112223333"",""primary"":false,""type"":""home""},{""data"":""1112224444"",""primary"":false,""type"":""work""},{""data"":""1112225555"",""primary"":false,""type"":""mobile""}]}]",[],[null],[null]
ins_109509,GpMBoPk3ZPInGwkMwM8dCrK5Zy61JaC6BGJLD,"[{""addresses"":[{""data"":{""city"":""Malakoff"",""country"":""US"",""postal_code"":""14236"",""region"":""NY"",""street"":""2992 Cameron Road""},""primary"":true},{""data"":{""city"":""San Matias"",""country"":""US"",""postal_code"":""93405-2255"",""region"":""CA"",""street"":""2493 Leisure Lane""},""primary"":false}],""emails"":[{""data"":""accountholder0@example.com"",""primary"":true,""type"":""primary""},{""data"":""accountholder1@example.com"",""primary"":false,""type"":""secondary""},{""data"":""extraordinarily.long.email.username.123456@reallylonghostname.com"",""primary"":false,""type"":""other""}],""names"":[""Alberta Bobbeth Charleson""],""phone_numbers"":[{""data"":""1112223333"",""primary"":false,""type"":""home""},{""data"":""1112224444"",""primary"":false,""type"":""work""},{""data"":""1112225555"",""primary"":false,""type"":""mobile""}]}]",[],[null],[null]
ins_109509,nKr1wVJpEVsLjEB8E8QvSpdKM7vL3jfAe3PXx,"[{""addresses"":[{""data"":{""city"":""Malakoff"",""country"":""US"",""postal_code"":""14236"",""region"":""NY"",""street"":""2992 Cameron Road""},""primary"":true},{""data"":{""city"":""San Matias"",""country"":""US"",""postal_code"":""93405-2255"",""region"":""CA"",""street"":""2493 Leisure Lane""},""primary"":false}],""emails"":[{""data"":""accountholder0@example.com"",""primary"":true,""type"":""primary""},{""data"":""accountholder1@example.com"",""primary"":false,""type"":""secondary""},{""data"":""extraordinarily.long.email.username.123456@reallylonghostname.com"",""primary"":false,""type"":""other""}],""names"":[""Alberta Bobbeth Charleson""],""phone_numbers"":[{""data"":""1112223333"",""primary"":false,""type"":""home""},{""data"":""1112224444"",""primary"":false,""type"":""work""},{""data"":""1112225555"",""primary"":false,""type"":""mobile""}]}]",[],[null],[null]
ins_109511,DWz3rdP35Bi5klxAKN9Vsl8N6JmZegCdmdeBo,"[{""addresses"":[{""data"":{""city"":""Malakoff"",""country"":""US"",""postal_code"":""14236"",""region"":""NY"",""street"":""2992 Cameron Road""},""primary"":true},{""data"":{""city"":""San Matias"",""country"":""US"",""postal_code"":""93405-2255"",""region"":""CA"",""street"":""2493 Leisure Lane""},""primary"":false}],""emails"":[{""data"":""accountholder0@example.com"",""primary"":true,""type"":""primary""},{""data"":""accountholder1@example.com"",""primary"":false,""type"":""secondary""},{""data"":""extraordinarily.long.email.username.123456@reallylonghostname.com"",""primary"":false,""type"":""other""}],""names"":[""Alberta Bobbeth Charleson""],""phone_numbers"":[{""data"":""1112223333"",""primary"":false,""type"":""home""},{""data"":""1112224444"",""primary"":false,""type"":""work""},{""data"":""1112225555"",""primary"":false,""type"":""mobile""}]}]",[],[null],[null]
ins_109511,VQy8XNb85qF5JMjZDX1gsMRBn164kQIlblkXm,"[{""addresses"":[{""data"":{""city"":""Malakoff"",""country"":""US"",""postal_code"":""14236"",""region"":""NY"",""street"":""2992 Cameron Road""},""primary"":true},{""data"":{""city"":""San Matias"",""country"":""US"",""postal_code"":""93405-2255"",""region"":""CA"",""street"":""2493 Leisure Lane""},""primary"":false}],""emails"":[{""data"":""accountholder0@example.com"",""primary"":true,""type"":""primary""},{""data"":""accountholder1@example.com"",""primary"":false,""type"":""secondary""},{""data"":""extraordinarily.long.email.username.123456@reallylonghostname.com"",""primary"":false,""type"":""other""}],""names"":[""Alberta Bobbeth Charleson""],""phone_numbers"":[{""data"":""1112223333"",""primary"":false,""type"":""home""},{""data"":""1112224444"",""primary"":false,""type"":""work""},{""data"":""1112225555"",""primary"":false,""type"":""mobile""}]}]",[],[null],[null]
ins_109511,wpXBz8WBjqSVPlg3579ZunLjxB1Qb4CMAM9x9,"[{""addresses"":[{""data"":{""city"":""Malakoff"",""country"":""US"",""postal_code"":""14236"",""region"":""NY"",""street"":""2992 Cameron Road""},""primary"":true},{""data"":{""city"":""San Matias"",""country"":""US"",""postal_code"":""93405-2255"",""region"":""CA"",""street"":""2493 Leisure Lane""},""primary"":false}],""emails"":[{""data"":""accountholder0@example.com"",""primary"":true,""type"":""primary""},{""data"":""accountholder1@example.com"",""primary"":false,""type"":""secondary""},{""data"":""extraordinarily.long.email.username.123456@reallylonghostname.com"",""primary"":false,""type"":""other""}],""names"":[""Alberta Bobbeth Charleson""],""phone_numbers"":[{""data"":""1112223333"",""primary"":false,""type"":""home""},{""data"":""1112224444"",""primary"":false,""type"":""work""},{""data"":""1112225555"",""primary"":false,""type"":""mobile""}]}]",[],[null],[null]
ins_109511,5NMZw9vZg5IEo8l9PLzmSBgRe7aEdoiJzJVAl,"[{""addresses"":[{""data"":{""city"":""Malakoff"",""country"":""US"",""postal_code"":""14236"",""region"":""NY"",""street"":""2992 Cameron Road""},""primary"":true},{""data"":{""city"":""San Matias"",""country"":""US"",""postal_code"":""93405-2255"",""region"":""CA"",""street"":""2493 Leisure Lane""},""primary"":false}],""emails"":[{""data"":""accountholder0@example.com"",""primary"":true,""type"":""primary""},{""data"":""accountholder1@example.com"",""primary"":false,""type"":""secondary""},{""data"":""extraordinarily.long.email.username.123456@reallylonghostname.com"",""primary"":false,""type"":""other""}],""names"":[""Alberta Bobbeth Charleson""],""phone_numbers"":[{""data"":""1112223333"",""primary"":false,""type"":""home""},{""data"":""1112224444"",""primary"":false,""type"":""work""},{""data"":""1112225555"",""primary"":false,""type"":""mobile""}]}]",[],[null],[null]
ins_109511,AgkrlBarRKfZLznP7dV5uyqBJ56Lw7uMRMwlm,"[{""addresses"":[{""data"":{""city"":""Malakoff"",""country"":""US"",""postal_code"":""14236"",""region"":""NY"",""street"":""2992 Cameron Road""},""primary"":true},{""data"":{""city"":""San Matias"",""country"":""US"",""postal_code"":""93405-2255"",""region"":""CA"",""street"":""2493 Leisure Lane""},""primary"":false}],""emails"":[{""data"":""accountholder0@example.com"",""primary"":true,""type"":""primary""},{""data"":""accountholder1@example.com"",""primary"":false,""type"":""secondary""},{""data"":""extraordinarily.long.email.username.123456@reallylonghostname.com"",""primary"":false,""type"":""other""}],""names"":[""Alberta Bobbeth Charleson""],""phone_numbers"":[{""data"":""1112223333"",""primary"":false,""type"":""home""},{""data"":""1112224444"",""primary"":false,""type"":""work""},{""data"":""1112225555"",""primary"":false,""type"":""mobile""}]}]",[],[null],[null]
ins_109511,GqxaGNea5du5yrxWQ7mzsrxglZmQaPuwJw9XL,"[{""addresses"":[{""data"":{""city"":""Malakoff"",""country"":""US"",""postal_code"":""14236"",""region"":""NY"",""street"":""2992 Cameron Road""},""primary"":true},{""data"":{""city"":""San Matias"",""country"":""US"",""postal_code"":""93405-2255"",""region"":""CA"",""street"":""2493 Leisure Lane""},""primary"":false}],""emails"":[{""data"":""accountholder0@example.com"",""primary"":true,""type"":""primary""},{""data"":""accountholder1@example.com"",""primary"":false,""type"":""secondary""},{""data"":""extraordinarily.long.email.username.123456@reallylonghostname.com"",""primary"":false,""type"":""other""}],""names"":[""Alberta Bobbeth Charleson""],""phone_numbers"":[{""data"":""1112223333"",""primary"":false,""type"":""home""},{""data"":""1112224444"",""primary"":false,""type"":""work""},{""data"":""1112225555"",""primary"":false,""type"":""mobile""}]}]",[],[null],[null]
ins_109511,nPQoX8ZozASKN56JzkoXHp4mAMyZjEFDPDkN7,"[{""addresses"":[{""data"":{""city"":""Malakoff"",""country"":""US"",""postal_code"":""14236"",""region"":""NY"",""street"":""2992 Cameron Road""},""primary"":true},{""data"":{""city"":""San Matias"",""country"":""US"",""postal_code"":""93405-2255"",""region"":""CA"",""street"":""2493 Leisure Lane""},""primary"":false}],""emails"":[{""data"":""accountholder0@example.com"",""primary"":true,""type"":""primary""},{""data"":""accountholder1@example.com"",""primary"":false,""type"":""secondary""},{""data"":""extraordinarily.long.email.username.123456@reallylonghostname.com"",""primary"":false,""type"":""other""}],""names"":[""Alberta Bobbeth Charleson""],""phone_numbers"":[{""data"":""1112223333"",""primary"":false,""type"":""home""},{""data"":""1112224444"",""primary"":false,""type"":""work""},{""data"":""1112225555"",""primary"":false,""type"":""mobile""}]}]",[],[null],[null]
ins_109511,blz4amB4JyU4m538BPRZHzynBg8PZKFPgPL1g,"[{""addresses"":[{""data"":{""city"":""Malakoff"",""country"":""US"",""postal_code"":""14236"",""region"":""NY"",""street"":""2992 Cameron Road""},""primary"":true},{""data"":{""city"":""San Matias"",""country"":""US"",""postal_code"":""93405-2255"",""region"":""CA"",""street"":""2493 Leisure Lane""},""primary"":false}],""emails"":[{""data"":""accountholder0@example.com"",""primary"":true,""type"":""primary""},{""data"":""accountholder1@example.com"",""primary"":false,""type"":""secondary""},{""data"":""extraordinarily.long.email.username.123456@reallylonghostname.com"",""primary"":false,""type"":""other""}],""names"":[""Alberta Bobbeth Charleson""],""phone_numbers"":[{""data"":""1112223333"",""primary"":false,""type"":""home""},{""data"":""1112224444"",""primary"":false,""type"":""work""},{""data"":""1112225555"",""primary"":false,""type"":""mobile""}]}]",[],[null],[null]
ins_109511,mNXpe8QpkAIqmrDjkzGZHW497Bb3DNHkRkjn7,"[{""addresses"":[{""data"":{""city"":""Malakoff"",""country"":""US"",""postal_code"":""14236"",""region"":""NY"",""street"":""2992 Cameron Road""},""primary"":true},{""data"":{""city"":""San Matias"",""country"":""US"",""postal_code"":""93405-2255"",""region"":""CA"",""street"":""2493 Leisure Lane""},""primary"":false}],""emails"":[{""data"":""accountholder0@example.com"",""primary"":true,""type"":""primary""},{""data"":""accountholder1@example.com"",""primary"":false,""type"":""secondary""},{""data"":""extraordinarily.long.email.username.123456@reallylonghostname.com"",""primary"":false,""type"":""other""}],""names"":[""Alberta Bobbeth Charleson""],""phone_numbers"":[{""data"":""1112223333"",""primary"":false,""type"":""home""},{""data"":""1112224444"",""primary"":false,""type"":""work""},{""data"":""1112225555"",""primary"":false,""type"":""mobile""}]}]",[],[null],[null]
ins_109511,ygWxa8GxerfjV8Xr3va7uK8lR5E6zdCMkMdby,"[{""addresses"":[{""data"":{""city"":""Malakoff"",""country"":""US"",""postal_code"":""14236"",""region"":""NY"",""street"":""2992 Cameron Road""},""primary"":true},{""data"":{""city"":""San Matias"",""country"":""US"",""postal_code"":""93405-2255"",""region"":""CA"",""street"":""2493 Leisure Lane""},""primary"":false}],""emails"":[{""data"":""accountholder0@example.com"",""primary"":true,""type"":""primary""},{""data"":""accountholder1@example.com"",""primary"":false,""type"":""secondary""},{""data"":""extraordinarily.long.email.username.123456@reallylonghostname.com"",""primary"":false,""type"":""other""}],""names"":[""Alberta Bobbeth Charleson""],""phone_numbers"":[{""data"":""1112223333"",""primary"":false,""type"":""home""},{""data"":""1112224444"",""primary"":false,""type"":""work""},{""data"":""1112225555"",""primary"":false,""type"":""mobile""}]}]",[],[null],[null]
ins_109511,9eMpv9qpA6Ia6znZolveSkQlD7b9yLiBzB8w4,"[{""addresses"":[{""data"":{""city"":""Malakoff"",""country"":""US"",""postal_code"":""14236"",""region"":""NY"",""street"":""2992 Cameron Road""},""primary"":true},{""data"":{""city"":""San Matias"",""country"":""US"",""postal_code"":""93405-2255"",""region"":""CA"",""street"":""2493 Leisure Lane""},""primary"":false}],""emails"":[{""data"":""accountholder0@example.com"",""primary"":true,""type"":""primary""},{""data"":""accountholder1@example.com"",""primary"":false,""type"":""secondary""},{""data"":""extraordinarily.long.email.username.123456@reallylonghostname.com"",""primary"":false,""type"":""other""}],""names"":[""Alberta Bobbeth Charleson""],""phone_numbers"":[{""data"":""1112223333"",""primary"":false,""type"":""home""},{""data"":""1112224444"",""primary"":false,""type"":""work""},{""data"":""1112225555"",""primary"":false,""type"":""mobile""}]}]",[],[null],[null]
ins_109511,GqxaGNea5du5yrxWQ7mzsrxgyAlBMaiwJw9XG,"[{""addresses"":[{""data"":{""city"":""Malakoff"",""country"":""US"",""postal_code"":""14236"",""region"":""NY"",""street"":""2992 Cameron Road""},""primary"":true},{""data"":{""city"":""San Matias"",""country"":""US"",""postal_code"":""93405-2255"",""region"":""CA"",""street"":""2493 Leisure Lane""},""primary"":false}],""emails"":[{""data"":""accountholder0@example.com"",""primary"":true,""type"":""primary""},{""data"":""accountholder1@example.com"",""primary"":false,""type"":""secondary""},{""data"":""extraordinarily.long.email.username.123456@reallylonghostname.com"",""primary"":false,""type"":""other""}],""names"":[""Alberta Bobbeth Charleson""],""phone_numbers"":[{""data"":""1112223333"",""primary"":false,""type"":""home""},{""data"":""1112224444"",""primary"":false,""type"":""work""},{""data"":""1112225555"",""primary"":false,""type"":""mobile""}]}]",[],[null],[null]
ins_43,y4zENX7nR7UXKB76ZznycK8re41kjZH43qJnp,"[{""addresses"":[{""data"":{""city"":""Gingham"",""country"":""CA"",""postal_code"":""T0B 0Z0"",""region"":""AB"",""street"":""478 Plaid Street""},""primary"":true},{""data"":{""city"":""Tartan"",""country"":""CA"",""postal_code"":""T0B 0Z0"",""region"":""AB"",""street"":""2493 Leisure Lane""},""primary"":false}],""emails"":[{""data"":""accountholder0@example.com"",""primary"":true,""type"":""primary""},{""data"":""accountholder1@example.com"",""primary"":false,""type"":""secondary""},{""data"":""extraordinarily.long.email.username.123456@reallylonghostname.com"",""primary"":false,""type"":""other""}],""names"":[""Alberta Bobbeth Charleson""],""phone_numbers"":[{""data"":""1112223333"",""primary"":false,""type"":""home""},{""data"":""1112224444"",""primary"":false,""type"":""work""},{""data"":""1112225555"",""primary"":false,""type"":""mobile""}]}]",[],[null],[null]
ins_43,9PNm1azEjzSnKAe8E1gyHkQNer64Xjh4GW7yJ,"[{""addresses"":[{""data"":{""city"":""Gingham"",""country"":""CA"",""postal_code"":""T0B 0Z0"",""region"":""AB"",""street"":""478 Plaid Street""},""primary"":true},{""data"":{""city"":""Tartan"",""country"":""CA"",""postal_code"":""T0B 0Z0"",""region"":""AB"",""street"":""2493 Leisure Lane""},""primary"":false}],""emails"":[{""data"":""accountholder0@example.com"",""primary"":true,""type"":""primary""},{""data"":""accountholder1@example.com"",""primary"":false,""type"":""secondary""},{""data"":""extraordinarily.long.email.username.123456@reallylonghostname.com"",""primary"":false,""type"":""other""}],""names"":[""Alberta Bobbeth Charleson""],""phone_numbers"":[{""data"":""1112223333"",""primary"":false,""type"":""home""},{""data"":""1112224444"",""primary"":false,""type"":""work""},{""data"":""1112225555"",""primary"":false,""type"":""mobile""}]}]",[],[null],[null]
ins_43,vx9odwNnJNsXWKylDRepcWJ39gml8Gtqz3Le4,"[{""addresses"":[{""data"":{""city"":""Gingham"",""country"":""CA"",""postal_code"":""T0B 0Z0"",""region"":""AB"",""street"":""478 Plaid Street""},""primary"":true},{""data"":{""city"":""Tartan"",""country"":""CA"",""postal_code"":""T0B 0Z0"",""region"":""AB"",""street"":""2493 Leisure Lane""},""primary"":false}],""emails"":[{""data"":""accountholder0@example.com"",""primary"":true,""type"":""primary""},{""data"":""accountholder1@example.com"",""primary"":false,""type"":""secondary""},{""data"":""extraordinarily.long.email.username.123456@reallylonghostname.com"",""primary"":false,""type"":""other""}],""names"":[""Alberta Bobbeth Charleson""],""phone_numbers"":[{""data"":""1112223333"",""primary"":false,""type"":""home""},{""data"":""1112224444"",""primary"":false,""type"":""work""},{""data"":""1112225555"",""primary"":false,""type"":""mobile""}]}]",[],[null],[null]
ins_43,RzXpdaKDAKT6XdpVGPNzt7MmxKDQGpsalv6k6,"[{""addresses"":[{""data"":{""city"":""Gingham"",""country"":""CA"",""postal_code"":""T0B 0Z0"",""region"":""AB"",""street"":""478 Plaid Street""},""primary"":true},{""data"":{""city"":""Tartan"",""country"":""CA"",""postal_code"":""T0B 0Z0"",""region"":""AB"",""street"":""2493 Leisure Lane""},""primary"":false}],""emails"":[{""data"":""accountholder0@example.com"",""primary"":true,""type"":""primary""},{""data"":""accountholder1@example.com"",""primary"":false,""type"":""secondary""},{""data"":""extraordinarily.long.email.username.123456@reallylonghostname.com"",""primary"":false,""type"":""other""}],""names"":[""Alberta Bobbeth Charleson""],""phone_numbers"":[{""data"":""1112223333"",""primary"":false,""type"":""home""},{""data"":""1112224444"",""primary"":false,""type"":""work""},{""data"":""1112225555"",""primary"":false,""type"":""mobile""}]}]",[],[null],[null]
ins_43,6aNGQ3qE4qUPgAlJyZ6kce3lG1PEQLu89oEKV,"[{""addresses"":[{""data"":{""city"":""Gingham"",""country"":""CA"",""postal_code"":""T0B 0Z0"",""region"":""AB"",""street"":""478 Plaid Street""},""primary"":true},{""data"":{""city"":""Tartan"",""country"":""CA"",""postal_code"":""T0B 0Z0"",""region"":""AB"",""street"":""2493 Leisure Lane""},""primary"":false}],""emails"":[{""data"":""accountholder0@example.com"",""primary"":true,""type"":""primary""},{""data"":""accountholder1@example.com"",""primary"":false,""type"":""secondary""},{""data"":""extraordinarily.long.email.username.123456@reallylonghostname.com"",""primary"":false,""type"":""other""}],""names"":[""Alberta Bobbeth Charleson""],""phone_numbers"":[{""data"":""1112223333"",""primary"":false,""type"":""home""},{""data"":""1112224444"",""primary"":false,""type"":""work""},{""data"":""1112225555"",""primary"":false,""type"":""mobile""}]}]",[],[null],[null]
ins_43,X4EA7edWRdUdo78QKEZ4cw5JbRzrKeHb6W7jo,"[{""addresses"":[{""data"":{""city"":""Gingham"",""country"":""CA"",""postal_code"":""T0B 0Z0"",""region"":""AB"",""street"":""478 Plaid Street""},""primary"":true},{""data"":{""city"":""Tartan"",""country"":""CA"",""postal_code"":""T0B 0Z0"",""region"":""AB"",""street"":""2493 Leisure Lane""},""primary"":false}],""emails"":[{""data"":""accountholder0@example.com"",""primary"":true,""type"":""primary""},{""data"":""accountholder1@example.com"",""primary"":false,""type"":""secondary""},{""data"":""extraordinarily.long.email.username.123456@reallylonghostname.com"",""primary"":false,""type"":""other""}],""names"":[""Alberta Bobbeth Charleson""],""phone_numbers"":[{""data"":""1112223333"",""primary"":false,""type"":""home""},{""data"":""1112224444"",""primary"":false,""type"":""work""},{""data"":""1112225555"",""primary"":false,""type"":""mobile""}]}]",[],[null],[null]
ins_43,DgjkbLeDGeCxGbVdaremfl8DEkMydbc3wPARy,"[{""addresses"":[{""data"":{""city"":""Gingham"",""country"":""CA"",""postal_code"":""T0B 0Z0"",""region"":""AB"",""street"":""478 Plaid Street""},""primary"":true},{""data"":{""city"":""Tartan"",""country"":""CA"",""postal_code"":""T0B 0Z0"",""region"":""AB"",""street"":""2493 Leisure Lane""},""primary"":false}],""emails"":[{""data"":""accountholder0@example.com"",""primary"":true,""type"":""primary""},{""data"":""accountholder1@example.com"",""primary"":false,""type"":""secondary""},{""data"":""extraordinarily.long.email.username.123456@reallylonghostname.com"",""primary"":false,""type"":""other""}],""names"":[""Alberta Bobbeth Charleson""],""phone_numbers"":[{""data"":""1112223333"",""primary"":false,""type"":""home""},{""data"":""1112224444"",""primary"":false,""type"":""work""},{""data"":""1112225555"",""primary"":false,""type"":""mobile""}]}]",[],[null],[null]
ins_43,VdGEPj3Dm3SjrPgaNoedfMR8P5e9NEu9m8jgK,"[{""addresses"":[{""data"":{""city"":""Gingham"",""country"":""CA"",""postal_code"":""T0B 0Z0"",""region"":""AB"",""street"":""478 Plaid Street""},""primary"":true},{""data"":{""city"":""Tartan"",""country"":""CA"",""postal_code"":""T0B 0Z0"",""region"":""AB"",""street"":""2493 Leisure Lane""},""primary"":false}],""emails"":[{""data"":""accountholder0@example.com"",""primary"":true,""type"":""primary""},{""data"":""accountholder1@example.com"",""primary"":false,""type"":""secondary""},{""data"":""extraordinarily.long.email.username.123456@reallylonghostname.com"",""primary"":false,""type"":""other""}],""names"":[""Alberta Bobbeth Charleson""],""phone_numbers"":[{""data"":""1112223333"",""primary"":false,""type"":""home""},{""data"":""1112224444"",""primary"":false,""type"":""work""},{""data"":""1112225555"",""primary"":false,""type"":""mobile""}]}]",[],[null],[null]
ins_43,wd9kaGPm1PSgqyZR6D1EHnL3Mdzmo9fPN74Zk,"[{""addresses"":[{""data"":{""city"":""Gingham"",""country"":""CA"",""postal_code"":""T0B 0Z0"",""region"":""AB"",""street"":""478 Plaid Street""},""primary"":true},{""data"":{""city"":""Tartan"",""country"":""CA"",""postal_code"":""T0B 0Z0"",""region"":""AB"",""street"":""2493 Leisure Lane""},""primary"":false}],""emails"":[{""data"":""accountholder0@example.com"",""primary"":true,""type"":""primary""},{""data"":""accountholder1@example.com"",""primary"":false,""type"":""secondary""},{""data"":""extraordinarily.long.email.username.123456@reallylonghostname.com"",""primary"":false,""type"":""other""}],""names"":[""Alberta Bobbeth Charleson""],""phone_numbers"":[{""data"":""1112223333"",""primary"":false,""type"":""home""},{""data"":""1112224444"",""primary"":false,""type"":""work""},{""data"":""1112225555"",""primary"":false,""type"":""mobile""}]}]",[],[null],[null]
ins_43,5dGAeBlmalSlGAmV1WnbuBgQvn19rMf5wPaK9,"[{""addresses"":[{""data"":{""city"":""Gingham"",""country"":""CA"",""postal_code"":""T0B 0Z0"",""region"":""AB"",""street"":""478 Plaid Street""},""primary"":true},{""data"":{""city"":""Tartan"",""country"":""CA"",""postal_code"":""T0B 0Z0"",""region"":""AB"",""street"":""2493 Leisure Lane""},""primary"":false}],""emails"":[{""data"":""accountholder0@example.com"",""primary"":true,""type"":""primary""},{""data"":""accountholder1@example.com"",""primary"":false,""type"":""secondary""},{""data"":""extraordinarily.long.email.username.123456@reallylonghostname.com"",""primary"":false,""type"":""other""}],""names"":[""Alberta Bobbeth Charleson""],""phone_numbers"":[{""data"":""1112223333"",""primary"":false,""type"":""home""},{""data"":""1112224444"",""primary"":false,""type"":""work""},{""data"":""1112225555"",""primary"":false,""type"":""mobile""}]}]",[],[null],[null]
ins_43,JnRjlqpDWpHxJlm6Rgref3aLmnP8R6iB4rl69,"[{""addresses"":[{""data"":{""city"":""Gingham"",""country"":""CA"",""postal_code"":""T0B 0Z0"",""region"":""AB"",""street"":""478 Plaid Street""},""primary"":true},{""data"":{""city"":""Tartan"",""country"":""CA"",""postal_code"":""T0B 0Z0"",""region"":""AB"",""street"":""2493 Leisure Lane""},""primary"":false}],""emails"":[{""data"":""accountholder0@example.com"",""primary"":true,""type"":""primary""},{""data"":""accountholder1@example.com"",""primary"":false,""type"":""secondary""},{""data"":""extraordinarily.long.email.username.123456@reallylonghostname.com"",""primary"":false,""type"":""other""}],""names"":[""Alberta Bobbeth Charleson""],""phone_numbers"":[{""data"":""1112223333"",""primary"":false,""type"":""home""},{""data"":""1112224444"",""primary"":false,""type"":""work""},{""data"":""1112225555"",""primary"":false,""type"":""mobile""}]}]",[],[null],[null]
ins_43,knjN96lWolHAaMdmblxQh4MAWXNdk1iLQV46e,"[{""addresses"":[{""data"":{""city"":""Gingham"",""country"":""CA"",""postal_code"":""T0B 0Z0"",""region"":""AB"",""street"":""478 Plaid Street""},""primary"":true},{""data"":{""city"":""Tartan"",""country"":""CA"",""postal_code"":""T0B 0Z0"",""region"":""AB"",""street"":""2493 Leisure Lane""},""primary"":false}],""emails"":[{""data"":""accountholder0@example.com"",""primary"":true,""type"":""primary""},{""data"":""accountholder1@example.com"",""primary"":false,""type"":""secondary""},{""data"":""extraordinarily.long.email.username.123456@reallylonghostname.com"",""primary"":false,""type"":""other""}],""names"":[""Alberta Bobbeth Charleson""],""phone_numbers"":[{""data"":""1112223333"",""primary"":false,""type"":""home""},{""data"":""1112224444"",""primary"":false,""type"":""work""},{""data"":""1112225555"",""primary"":false,""type"":""mobile""}]}]",[],[null],[null]
ins_117650,axyMQ495qoHdAEr9mlx1HWgnm3Bp7DFowzjGM,"[{""addresses"":[{""data"":{""city"":""Brighton"",""country"":""GB"",""postal_code"":""BN1 2NW"",""region"":""East Sussex"",""street"":""1024 High Street""},""primary"":true},{""data"":{""city"":""ABERDEEN"",""country"":""GB"",""postal_code"":""AB51 7DT"",""region"":null,""street"":""19 Mill Lane""},""primary"":false}],""emails"":[{""data"":""accountholder0@example.co.uk"",""primary"":true,""type"":""primary""},{""data"":""accountholder1@example.com"",""primary"":false,""type"":""secondary""},{""data"":""extraordinarily.long.email.username.123456@reallylonghostname.com"",""primary"":false,""type"":""other""}],""names"":[""Abbey Bickmarsh Caddington""],""phone_numbers"":[{""data"":""+447000123456"",""primary"":false,""type"":""home""},{""data"":""+448000123456"",""primary"":false,""type"":""work""},{""data"":""+449000123456"",""primary"":false,""type"":""mobile""}]}]",[],[null],[null]
ins_117650,4qjK1BGoWMtop63wjG14Szo1G4gAQvC9zZ6EK,"[{""addresses"":[{""data"":{""city"":""Brighton"",""country"":""GB"",""postal_code"":""BN1 2NW"",""region"":""East Sussex"",""street"":""1024 High Street""},""primary"":true},{""data"":{""city"":""ABERDEEN"",""country"":""GB"",""postal_code"":""AB51 7DT"",""region"":null,""street"":""19 Mill Lane""},""primary"":false}],""emails"":[{""data"":""accountholder0@example.co.uk"",""primary"":true,""type"":""primary""},{""data"":""accountholder1@example.com"",""primary"":false,""type"":""secondary""},{""data"":""extraordinarily.long.email.username.123456@reallylonghostname.com"",""primary"":false,""type"":""other""}],""names"":[""Abbey Bickmarsh Caddington""],""phone_numbers"":[{""data"":""+447000123456"",""primary"":false,""type"":""home""},{""data"":""+448000123456"",""primary"":false,""type"":""work""},{""data"":""+449000123456"",""primary"":false,""type"":""mobile""}]}]",[],[null],[null]
ins_117650,jQXAv1Pl4wt7yxaKBdQLSW1BDkV76AFxdBNby,"[{""addresses"":[{""data"":{""city"":""Brighton"",""country"":""GB"",""postal_code"":""BN1 2NW"",""region"":""East Sussex"",""street"":""1024 High Street""},""primary"":true},{""data"":{""city"":""ABERDEEN"",""country"":""GB"",""postal_code"":""AB51 7DT"",""region"":null,""street"":""19 Mill Lane""},""primary"":false}],""emails"":[{""data"":""accountholder0@example.co.uk"",""primary"":true,""type"":""primary""},{""data"":""accountholder1@example.com"",""primary"":false,""type"":""secondary""},{""data"":""extraordinarily.long.email.username.123456@reallylonghostname.com"",""primary"":false,""type"":""other""}],""names"":[""Abbey Bickmarsh Caddington""],""phone_numbers"":[{""data"":""+447000123456"",""primary"":false,""type"":""home""},{""data"":""+448000123456"",""primary"":false,""type"":""work""},{""data"":""+449000123456"",""primary"":false,""type"":""mobile""}]}]",[],[null],[null]
ins_117650,NkbGJmg5ZAhzWL1AZn9XI4WKwGqvepuodglNb,"[{""addresses"":[{""data"":{""city"":""Brighton"",""country"":""GB"",""postal_code"":""BN1 2NW"",""region"":""East Sussex"",""street"":""1024 High Street""},""primary"":true},{""data"":{""city"":""ABERDEEN"",""country"":""GB"",""postal_code"":""AB51 7DT"",""region"":null,""street"":""19 Mill Lane""},""primary"":false}],""emails"":[{""data"":""accountholder0@example.co.uk"",""primary"":true,""type"":""primary""},{""data"":""accountholder1@example.com"",""primary"":false,""type"":""secondary""},{""data"":""extraordinarily.long.email.username.123456@reallylonghostname.com"",""primary"":false,""type"":""other""}],""names"":[""Abbey Bickmarsh Caddington""],""phone_numbers"":[{""data"":""+447000123456"",""primary"":false,""type"":""home""},{""data"":""+448000123456"",""primary"":false,""type"":""work""},{""data"":""+449000123456"",""primary"":false,""type"":""mobile""}]}]",[],[null],[null]
ins_117650,PnXqJ9o51mS3ldKqve6zsPMqgx981pt8a9xmE,"[{""addresses"":[{""data"":{""city"":""Brighton"",""country"":""GB"",""postal_code"":""BN1 2NW"",""region"":""East Sussex"",""street"":""1024 High Street""},""primary"":true},{""data"":{""city"":""ABERDEEN"",""country"":""GB"",""postal_code"":""AB51 7DT"",""region"":null,""street"":""19 Mill Lane""},""primary"":false}],""emails"":[{""data"":""accountholder0@example.co.uk"",""primary"":true,""type"":""primary""},{""data"":""accountholder1@example.com"",""primary"":false,""type"":""secondary""},{""data"":""extraordinarily.long.email.username.123456@reallylonghostname.com"",""primary"":false,""type"":""other""}],""names"":[""Abbey Bickmarsh Caddington""],""phone_numbers"":[{""data"":""+447000123456"",""primary"":false,""type"":""home""},{""data"":""+448000123456"",""primary"":false,""type"":""work""},{""data"":""+449000123456"",""primary"":false,""type"":""mobile""}]}]",[],[null],[null]
ins_117650,7z3BodlEn8UAXPLpm5KVUxEoyGJnMBF6PmEVg,"[{""addresses"":[{""data"":{""city"":""Brighton"",""country"":""GB"",""postal_code"":""BN1 2NW"",""region"":""East Sussex"",""street"":""1024 High Street""},""primary"":true},{""data"":{""city"":""ABERDEEN"",""country"":""GB"",""postal_code"":""AB51 7DT"",""region"":null,""street"":""19 Mill Lane""},""primary"":false}],""emails"":[{""data"":""accountholder0@example.co.uk"",""primary"":true,""type"":""primary""},{""data"":""accountholder1@example.com"",""primary"":false,""type"":""secondary""},{""data"":""extraordinarily.long.email.username.123456@reallylonghostname.com"",""primary"":false,""type"":""other""}],""names"":[""Abbey Bickmarsh Caddington""],""phone_numbers"":[{""data"":""+447000123456"",""primary"":false,""type"":""home""},{""data"":""+448000123456"",""primary"":false,""type"":""work""},{""data"":""+449000123456"",""primary"":false,""type"":""mobile""}]}]",[],[null],[null]
ins_127287,bKb6gqA5xvha7zrXERewszywp9ZJjZfmbE3Bp,"[{""addresses"":[{""data"":{""city"":""Malakoff"",""country"":""US"",""postal_code"":""14236"",""region"":""NY"",""street"":""2992 Cameron Road""},""primary"":true},{""data"":{""city"":""San Matias"",""country"":""US"",""postal_code"":""93405-2255"",""region"":""CA"",""street"":""2493 Leisure Lane""},""primary"":false}],""emails"":[{""data"":""accountholder0@example.com"",""primary"":true,""type"":""primary""},{""data"":""accountholder1@example.com"",""primary"":false,""type"":""secondary""},{""data"":""extraordinarily.long.email.username.123456@reallylonghostname.com"",""primary"":false,""type"":""other""}],""names"":[""Alberta Bobbeth Charleson""],""phone_numbers"":[{""data"":""1112223333"",""primary"":false,""type"":""home""},{""data"":""1112224444"",""primary"":false,""type"":""work""},{""data"":""1112225555"",""primary"":false,""type"":""mobile""}]}]",[],[null],[null]
ins_127287,mjlgbPz45dFBK74poGMPhW4PeKDxADugy9ArD,"[{""addresses"":[{""data"":{""city"":""Malakoff"",""country"":""US"",""postal_code"":""14236"",""region"":""NY"",""street"":""2992 Cameron Road""},""primary"":true},{""data"":{""city"":""San Matias"",""country"":""US"",""postal_code"":""93405-2255"",""region"":""CA"",""street"":""2493 Leisure Lane""},""primary"":false}],""emails"":[{""data"":""accountholder0@example.com"",""primary"":true,""type"":""primary""},{""data"":""accountholder1@example.com"",""primary"":false,""type"":""secondary""},{""data"":""extraordinarily.long.email.username.123456@reallylonghostname.com"",""primary"":false,""type"":""other""}],""names"":[""Alberta Bobbeth Charleson""],""phone_numbers"":[{""data"":""1112223333"",""primary"":false,""type"":""home""},{""data"":""1112224444"",""primary"":false,""type"":""work""},{""data"":""1112225555"",""primary"":false,""type"":""mobile""}]}]",[],[null],[null]
ins_127287,yEPM5pQoVLCgz5D4EaylsK8L1pzqgzI46oDgQ,"[{""addresses"":[{""data"":{""city"":""Malakoff"",""country"":""US"",""postal_code"":""14236"",""region"":""NY"",""street"":""2992 Cameron Road""},""primary"":true},{""data"":{""city"":""San Matias"",""country"":""US"",""postal_code"":""93405-2255"",""region"":""CA"",""street"":""2493 Leisure Lane""},""primary"":false}],""emails"":[{""data"":""accountholder0@example.com"",""primary"":true,""type"":""primary""},{""data"":""accountholder1@example.com"",""primary"":false,""type"":""secondary""},{""data"":""extraordinarily.long.email.username.123456@reallylonghostname.com"",""primary"":false,""type"":""other""}],""names"":[""Alberta Bobbeth Charleson""],""phone_numbers"":[{""data"":""1112223333"",""primary"":false,""type"":""home""},{""data"":""1112224444"",""primary"":false,""type"":""work""},{""data"":""1112225555"",""primary"":false,""type"":""mobile""}]}]",[],[null],[null]
ins_127287,9mbdKZLl8QtW1DG47vydTkQK6PyvGyU4xkEKW,"[{""addresses"":[{""data"":{""city"":""Malakoff"",""country"":""US"",""postal_code"":""14236"",""region"":""NY"",""street"":""2992 Cameron Road""},""primary"":true},{""data"":{""city"":""San Matias"",""country"":""US"",""postal_code"":""93405-2255"",""region"":""CA"",""street"":""2493 Leisure Lane""},""primary"":false}],""emails"":[{""data"":""accountholder0@example.com"",""primary"":true,""type"":""primary""},{""data"":""accountholder1@example.com"",""primary"":false,""type"":""secondary""},{""data"":""extraordinarily.long.email.username.123456@reallylonghostname.com"",""primary"":false,""type"":""other""}],""names"":[""Alberta Bobbeth Charleson""],""phone_numbers"":[{""data"":""1112223333"",""primary"":false,""type"":""home""},{""data"":""1112224444"",""primary"":false,""type"":""work""},{""data"":""1112225555"",""primary"":false,""type"":""mobile""}]}]",[],[null],[null]
ins_127287,voaMAkj1qZFwRqrx15pLhWJLm4MvVMuq6gXwj,"[{""addresses"":[{""data"":{""city"":""Malakoff"",""country"":""US"",""postal_code"":""14236"",""region"":""NY"",""street"":""2992 Cameron Road""},""primary"":true},{""data"":{""city"":""San Matias"",""country"":""US"",""postal_code"":""93405-2255"",""region"":""CA"",""street"":""2493 Leisure Lane""},""primary"":false}],""emails"":[{""data"":""accountholder0@example.com"",""primary"":true,""type"":""primary""},{""data"":""accountholder1@example.com"",""primary"":false,""type"":""secondary""},{""data"":""extraordinarily.long.email.username.123456@reallylonghostname.com"",""primary"":false,""type"":""other""}],""names"":[""Alberta Bobbeth Charleson""],""phone_numbers"":[{""data"":""1112223333"",""primary"":false,""type"":""home""},{""data"":""1112224444"",""primary"":false,""type"":""work""},{""data"":""1112225555"",""primary"":false,""type"":""mobile""}]}]",[],[null],[null]
ins_127287,Rp7Qo9NE8vuLPDe9Kvzgs7MrDkjAejhapwGZ9,"[{""addresses"":[{""data"":{""city"":""Malakoff"",""country"":""US"",""postal_code"":""14236"",""region"":""NY"",""street"":""2992 Cameron Road""},""primary"":true},{""data"":{""city"":""San Matias"",""country"":""US"",""postal_code"":""93405-2255"",""region"":""CA"",""street"":""2493 Leisure Lane""},""primary"":false}],""emails"":[{""data"":""accountholder0@example.com"",""primary"":true,""type"":""primary""},{""data"":""accountholder1@example.com"",""primary"":false,""type"":""secondary""},{""data"":""extraordinarily.long.email.username.123456@reallylonghostname.com"",""primary"":false,""type"":""other""}],""names"":[""Alberta Bobbeth Charleson""],""phone_numbers"":[{""data"":""1112223333"",""primary"":false,""type"":""home""},{""data"":""1112224444"",""primary"":false,""type"":""work""},{""data"":""1112225555"",""primary"":false,""type"":""mobile""}]}]",[],[null],[null]
ins_127287,6GAed7ZVgjCGZ4RWbmkNHe34Pz7m97S8Dmxzl,"[{""addresses"":[{""data"":{""city"":""Malakoff"",""country"":""US"",""postal_code"":""14236"",""region"":""NY"",""street"":""2992 Cameron Road""},""primary"":true},{""data"":{""city"":""San Matias"",""country"":""US"",""postal_code"":""93405-2255"",""region"":""CA"",""street"":""2493 Leisure Lane""},""primary"":false}],""emails"":[{""data"":""accountholder0@example.com"",""primary"":true,""type"":""primary""},{""data"":""accountholder1@example.com"",""primary"":false,""type"":""secondary""},{""data"":""extraordinarily.long.email.username.123456@reallylonghostname.com"",""primary"":false,""type"":""other""}],""names"":[""Alberta Bobbeth Charleson""],""phone_numbers"":[{""data"":""1112223333"",""primary"":false,""type"":""home""},{""data"":""1112224444"",""primary"":false,""type"":""work""},{""data"":""1112225555"",""primary"":false,""type"":""mobile""}]}]",[],[null],[null]
ins_127287,XALgB9Zm8vTkEwP9Az4yHw5ozAg9GghbK9xD6,"[{""addresses"":[{""data"":{""city"":""Malakoff"",""country"":""US"",""postal_code"":""14236"",""region"":""NY"",""street"":""2992 Cameron Road""},""primary"":true},{""data"":{""city"":""San Matias"",""country"":""US"",""postal_code"":""93405-2255"",""region"":""CA"",""street"":""2493 Leisure Lane""},""primary"":false}],""emails"":[{""data"":""accountholder0@example.com"",""primary"":true,""type"":""primary""},{""data"":""accountholder1@example.com"",""primary"":false,""type"":""secondary""},{""data"":""extraordinarily.long.email.username.123456@reallylonghostname.com"",""primary"":false,""type"":""other""}],""names"":[""Alberta Bobbeth Charleson""],""phone_numbers"":[{""data"":""1112223333"",""primary"":false,""type"":""home""},{""data"":""1112224444"",""primary"":false,""type"":""work""},{""data"":""1112225555"",""primary"":false,""type"":""mobile""}]}]",[],[null],[null]
ins_127287,Dkl1VvmN8AFnr17qW9myCl87M1e95ef3W7XZe,"[{""addresses"":[{""data"":{""city"":""Malakoff"",""country"":""US"",""postal_code"":""14236"",""region"":""NY"",""street"":""2992 Cameron Road""},""primary"":true},{""data"":{""city"":""San Matias"",""country"":""US"",""postal_code"":""93405-2255"",""region"":""CA"",""street"":""2493 Leisure Lane""},""primary"":false}],""emails"":[{""data"":""accountholder0@example.com"",""primary"":true,""type"":""primary""},{""data"":""accountholder1@example.com"",""primary"":false,""type"":""secondary""},{""data"":""extraordinarily.long.email.username.123456@reallylonghostname.com"",""primary"":false,""type"":""other""}],""names"":[""Alberta Bobbeth Charleson""],""phone_numbers"":[{""data"":""1112223333"",""primary"":false,""type"":""home""},{""data"":""1112224444"",""primary"":false,""type"":""work""},{""data"":""1112225555"",""primary"":false,""type"":""mobile""}]}]",[],[null],[null]
ins_127287,VEMar9enWvCvoB6QA1dECMRaezkgDki9gonD1,"[{""addresses"":[{""data"":{""city"":""Malakoff"",""country"":""US"",""postal_code"":""14236"",""region"":""NY"",""street"":""2992 Cameron Road""},""primary"":true},{""data"":{""city"":""San Matias"",""country"":""US"",""postal_code"":""93405-2255"",""region"":""CA"",""street"":""2493 Leisure Lane""},""primary"":false}],""emails"":[{""data"":""accountholder0@example.com"",""primary"":true,""type"":""primary""},{""data"":""accountholder1@example.com"",""primary"":false,""type"":""secondary""},{""data"":""extraordinarily.long.email.username.123456@reallylonghostname.com"",""primary"":false,""type"":""other""}],""names"":[""Alberta Bobbeth Charleson""],""phone_numbers"":[{""data"":""1112223333"",""primary"":false,""type"":""home""},{""data"":""1112224444"",""primary"":false,""type"":""work""},{""data"":""1112225555"",""primary"":false,""type"":""mobile""}]}]",[],[null],[null]
ins_127287,wk4bJo7LKMFBDzbjo9ENhnLNzyb8wbtPZ3lQ8,"[{""addresses"":[{""data"":{""city"":""Malakoff"",""country"":""US"",""postal_code"":""14236"",""region"":""NY"",""street"":""2992 Cameron Road""},""primary"":true},{""data"":{""city"":""San Matias"",""country"":""US"",""postal_code"":""93405-2255"",""region"":""CA"",""street"":""2493 Leisure Lane""},""primary"":false}],""emails"":[{""data"":""accountholder0@example.com"",""primary"":true,""type"":""primary""},{""data"":""accountholder1@example.com"",""primary"":false,""type"":""secondary""},{""data"":""extraordinarily.long.email.username.123456@reallylonghostname.com"",""primary"":false,""type"":""other""}],""names"":[""Alberta Bobbeth Charleson""],""phone_numbers"":[{""data"":""1112223333"",""primary"":false,""type"":""home""},{""data"":""1112224444"",""primary"":false,""type"":""work""},{""data"":""1112225555"",""primary"":false,""type"":""mobile""}]}]",[],[null],[null]
ins_127287,5AW46jQDoPTQWyXN7zbxhBgw1Wdz3dc5Kbp6E,"[{""addresses"":[{""data"":{""city"":""Malakoff"",""country"":""US"",""postal_code"":""14236"",""region"":""NY"",""street"":""2992 Cameron Road""},""primary"":true},{""data"":{""city"":""San Matias"",""country"":""US"",""postal_code"":""93405-2255"",""region"":""CA"",""street"":""2493 Leisure Lane""},""primary"":false}],""emails"":[{""data"":""accountholder0@example.com"",""primary"":true,""type"":""primary""},{""data"":""accountholder1@example.com"",""primary"":false,""type"":""secondary""},{""data"":""extraordinarily.long.email.username.123456@reallylonghostname.com"",""primary"":false,""type"":""other""}],""names"":[""Alberta Bobbeth Charleson""],""phone_numbers"":[{""data"":""1112223333"",""primary"":false,""type"":""home""},{""data"":""1112224444"",""primary"":false,""type"":""work""},{""data"":""1112225555"",""primary"":false,""type"":""mobile""}]}]",[],[null],[null]
ins_132241,xlJDNAq6NotDawz9vPjZUDvBjwm8N3fQzjpRJ,"[{""addresses"":[{""data"":{""city"":""Malakoff"",""country"":""US"",""postal_code"":""14236"",""region"":""NY"",""street"":""2992 Cameron Road""},""primary"":true},{""data"":{""city"":""San Matias"",""country"":""US"",""postal_code"":""93405-2255"",""region"":""CA"",""street"":""2493 Leisure Lane""},""primary"":false}],""emails"":[{""data"":""accountholder0@example.com"",""primary"":true,""type"":""primary""},{""data"":""accountholder1@example.com"",""primary"":false,""type"":""secondary""},{""data"":""extraordinarily.long.email.username.123456@reallylonghostname.com"",""primary"":false,""type"":""other""}],""names"":[""Alberta Bobbeth Charleson""],""phone_numbers"":[{""data"":""1112223333"",""primary"":false,""type"":""home""},{""data"":""1112224444"",""primary"":false,""type"":""work""},{""data"":""1112225555"",""primary"":false,""type"":""mobile""}]}]",[],[null],[null]
ins_132241,dErMyxXRyKTBXjlmwW8VHP7AeLyNvMiXbK5x6,"[{""addresses"":[{""data"":{""city"":""Malakoff"",""country"":""US"",""postal_code"":""14236"",""region"":""NY"",""street"":""2992 Cameron Road""},""primary"":true},{""data"":{""city"":""San Matias"",""country"":""US"",""postal_code"":""93405-2255"",""region"":""CA"",""street"":""2493 Leisure Lane""},""primary"":false}],""emails"":[{""data"":""accountholder0@example.com"",""primary"":true,""type"":""primary""},{""data"":""accountholder1@example.com"",""primary"":false,""type"":""secondary""},{""data"":""extraordinarily.long.email.username.123456@reallylonghostname.com"",""primary"":false,""type"":""other""}],""names"":[""Alberta Bobbeth Charleson""],""phone_numbers"":[{""data"":""1112223333"",""primary"":false,""type"":""home""},{""data"":""1112224444"",""primary"":false,""type"":""work""},{""data"":""1112225555"",""primary"":false,""type"":""mobile""}]}]",[],[null],[null]
ins_132241,apl6nzXRnAuGrmdBJveVUWgGEz8Qp5HXEwlxP,"[{""addresses"":[{""data"":{""city"":""Malakoff"",""country"":""US"",""postal_code"":""14236"",""region"":""NY"",""street"":""2992 Cameron Road""},""primary"":true},{""data"":{""city"":""San Matias"",""country"":""US"",""postal_code"":""93405-2255"",""region"":""CA"",""street"":""2493 Leisure Lane""},""primary"":false}],""emails"":[{""data"":""accountholder0@example.com"",""primary"":true,""type"":""primary""},{""data"":""accountholder1@example.com"",""primary"":false,""type"":""secondary""},{""data"":""extraordinarily.long.email.username.123456@reallylonghostname.com"",""primary"":false,""type"":""other""}],""names"":[""Alberta Bobbeth Charleson""],""phone_numbers"":[{""data"":""1112223333"",""primary"":false,""type"":""home""},{""data"":""1112224444"",""primary"":false,""type"":""work""},{""data"":""1112225555"",""primary"":false,""type"":""mobile""}]}]",[],[null],[null]
ins_132241,4LPnE9bAE4uv3joBQExXizor3e76ARcmvzNw9,"[{""addresses"":[{""data"":{""city"":""Malakoff"",""country"":""US"",""postal_code"":""14236"",""region"":""NY"",""street"":""2992 Cameron Road""},""primary"":true},{""data"":{""city"":""San Matias"",""country"":""US"",""postal_code"":""93405-2255"",""region"":""CA"",""street"":""2493 Leisure Lane""},""primary"":false}],""emails"":[{""data"":""accountholder0@example.com"",""primary"":true,""type"":""primary""},{""data"":""accountholder1@example.com"",""primary"":false,""type"":""secondary""},{""data"":""extraordinarily.long.email.username.123456@reallylonghostname.com"",""primary"":false,""type"":""other""}],""names"":[""Alberta Bobbeth Charleson""],""phone_numbers"":[{""data"":""1112223333"",""primary"":false,""type"":""home""},{""data"":""1112224444"",""primary"":false,""type"":""work""},{""data"":""1112225555"",""primary"":false,""type"":""mobile""}]}]",[],[null],[null]
ins_132241,NK984oNL4dHd1Zzva5KbH4WNx3DbvZFVGdBqV,"[{""addresses"":[{""data"":{""city"":""Malakoff"",""country"":""US"",""postal_code"":""14236"",""region"":""NY"",""street"":""2992 Cameron Road""},""primary"":true},{""data"":{""city"":""San Matias"",""country"":""US"",""postal_code"":""93405-2255"",""region"":""CA"",""street"":""2493 Leisure Lane""},""primary"":false}],""emails"":[{""data"":""accountholder0@example.com"",""primary"":true,""type"":""primary""},{""data"":""accountholder1@example.com"",""primary"":false,""type"":""secondary""},{""data"":""extraordinarily.long.email.username.123456@reallylonghostname.com"",""primary"":false,""type"":""other""}],""names"":[""Alberta Bobbeth Charleson""],""phone_numbers"":[{""data"":""1112223333"",""primary"":false,""type"":""home""},{""data"":""1112224444"",""primary"":false,""type"":""work""},{""data"":""1112225555"",""primary"":false,""type"":""mobile""}]}]",[],[null],[null]
ins_132241,PzwkP8WLP4tRKv3Bw5JyhPMmwZj48diKeaBrj,"[{""addresses"":[{""data"":{""city"":""Malakoff"",""country"":""US"",""postal_code"":""14236"",""region"":""NY"",""street"":""2992 Cameron Road""},""primary"":true},{""data"":{""city"":""San Matias"",""country"":""US"",""postal_code"":""93405-2255"",""region"":""CA"",""street"":""2493 Leisure Lane""},""primary"":false}],""emails"":[{""data"":""accountholder0@example.com"",""primary"":true,""type"":""primary""},{""data"":""accountholder1@example.com"",""primary"":false,""type"":""secondary""},{""data"":""extraordinarily.long.email.username.123456@reallylonghostname.com"",""primary"":false,""type"":""other""}],""names"":[""Alberta Bobbeth Charleson""],""phone_numbers"":[{""data"":""1112223333"",""primary"":false,""type"":""home""},{""data"":""1112224444"",""primary"":false,""type"":""work""},{""data"":""1112225555"",""primary"":false,""type"":""mobile""}]}]",[],[null],[null]
ins_132241,jEaLDj5RDdTWaB7jmA5vIW1gb9Pv7EHQ7dz8l,"[{""addresses"":[{""data"":{""city"":""Malakoff"",""country"":""US"",""postal_code"":""14236"",""region"":""NY"",""street"":""2992 Cameron Road""},""primary"":true},{""data"":{""city"":""San Matias"",""country"":""US"",""postal_code"":""93405-2255"",""region"":""CA"",""street"":""2493 Leisure Lane""},""primary"":false}],""emails"":[{""data"":""accountholder0@example.com"",""primary"":true,""type"":""primary""},{""data"":""accountholder1@example.com"",""primary"":false,""type"":""secondary""},{""data"":""extraordinarily.long.email.username.123456@reallylonghostname.com"",""primary"":false,""type"":""other""}],""names"":[""Alberta Bobbeth Charleson""],""phone_numbers"":[{""data"":""1112223333"",""primary"":false,""type"":""home""},{""data"":""1112224444"",""primary"":false,""type"":""work""},{""data"":""1112225555"",""primary"":false,""type"":""mobile""}]}]",[],[null],[null]
ins_132241,7qeRG6bgGjtJLmAaBEZ4cxEbpWRdnrfw5PAKV,"[{""addresses"":[{""data"":{""city"":""Malakoff"",""country"":""US"",""postal_code"":""14236"",""region"":""NY"",""street"":""2992 Cameron Road""},""primary"":true},{""data"":{""city"":""San Matias"",""country"":""US"",""postal_code"":""93405-2255"",""region"":""CA"",""street"":""2493 Leisure Lane""},""primary"":false}],""emails"":[{""data"":""accountholder0@example.com"",""primary"":true,""type"":""primary""},{""data"":""accountholder1@example.com"",""primary"":false,""type"":""secondary""},{""data"":""extraordinarily.long.email.username.123456@reallylonghostname.com"",""primary"":false,""type"":""other""}],""names"":[""Alberta Bobbeth Charleson""],""phone_numbers"":[{""data"":""1112223333"",""primary"":false,""type"":""home""},{""data"":""1112224444"",""primary"":false,""type"":""work""},{""data"":""1112225555"",""primary"":false,""type"":""mobile""}]}]",[],[null],[null]
ins_132241,eEzM9dXR9rTERkPxqjyVUXenamDxp3txbQRlR,"[{""addresses"":[{""data"":{""city"":""Malakoff"",""country"":""US"",""postal_code"":""14236"",""region"":""NY"",""street"":""2992 Cameron Road""},""primary"":true},{""data"":{""city"":""San Matias"",""country"":""US"",""postal_code"":""93405-2255"",""region"":""CA"",""street"":""2493 Leisure Lane""},""primary"":false}],""emails"":[{""data"":""accountholder0@example.com"",""primary"":true,""type"":""primary""},{""data"":""accountholder1@example.com"",""primary"":false,""type"":""secondary""},{""data"":""extraordinarily.long.email.username.123456@reallylonghostname.com"",""primary"":false,""type"":""other""}],""names"":[""Alberta Bobbeth Charleson""],""phone_numbers"":[{""data"":""1112223333"",""primary"":false,""type"":""home""},{""data"":""1112224444"",""primary"":false,""type"":""work""},{""data"":""1112225555"",""primary"":false,""type"":""mobile""}]}]",[],[null],[null]
ins_132241,QBkpjEMRjNfV48x1D5dXhjLAnVdX8oFjgX4WN,"[{""addresses"":[{""data"":{""city"":""Malakoff"",""country"":""US"",""postal_code"":""14236"",""region"":""NY"",""street"":""2992 Cameron Road""},""primary"":true},{""data"":{""city"":""San Matias"",""country"":""US"",""postal_code"":""93405-2255"",""region"":""CA"",""street"":""2493 Leisure Lane""},""primary"":false}],""emails"":[{""data"":""accountholder0@example.com"",""primary"":true,""type"":""primary""},{""data"":""accountholder1@example.com"",""primary"":false,""type"":""secondary""},{""data"":""extraordinarily.long.email.username.123456@reallylonghostname.com"",""primary"":false,""type"":""other""}],""names"":[""Alberta Bobbeth Charleson""],""phone_numbers"":[{""data"":""1112223333"",""primary"":false,""type"":""home""},{""data"":""1112224444"",""primary"":false,""type"":""work""},{""data"":""1112225555"",""primary"":false,""type"":""mobile""}]}]",[],[null],[null]
ins_132241,Z7JEovMkoLsBDwQ5NK1VHgQkAabmvLfxEpADd,"[{""addresses"":[{""data"":{""city"":""Malakoff"",""country"":""US"",""postal_code"":""14236"",""region"":""NY"",""street"":""2992 Cameron Road""},""primary"":true},{""data"":{""city"":""San Matias"",""country"":""US"",""postal_code"":""93405-2255"",""region"":""CA"",""street"":""2493 Leisure Lane""},""primary"":false}],""emails"":[{""data"":""accountholder0@example.com"",""primary"":true,""type"":""primary""},{""data"":""accountholder1@example.com"",""primary"":false,""type"":""secondary""},{""data"":""extraordinarily.long.email.username.123456@reallylonghostname.com"",""primary"":false,""type"":""other""}],""names"":[""Alberta Bobbeth Charleson""],""phone_numbers"":[{""data"":""1112223333"",""primary"":false,""type"":""home""},{""data"":""1112224444"",""primary"":false,""type"":""work""},{""data"":""1112225555"",""primary"":false,""type"":""mobile""}]}]",[],[null],[null]
ins_132241,Mqmgap4naxt8vnryB56wCaBZRzNMdxImWvw8a,"[{""addresses"":[{""data"":{""city"":""Malakoff"",""country"":""US"",""postal_code"":""14236"",""region"":""NY"",""street"":""2992 Cameron Road""},""primary"":true},{""data"":{""city"":""San Matias"",""country"":""US"",""postal_code"":""93405-2255"",""region"":""CA"",""street"":""2493 Leisure Lane""},""primary"":false}],""emails"":[{""data"":""accountholder0@example.com"",""primary"":true,""type"":""primary""},{""data"":""accountholder1@example.com"",""primary"":false,""type"":""secondary""},{""data"":""extraordinarily.long.email.username.123456@reallylonghostname.com"",""primary"":false,""type"":""other""}],""names"":[""Alberta Bobbeth Charleson""],""phone_numbers"":[{""data"":""1112223333"",""primary"":false,""type"":""home""},{""data"":""1112224444"",""primary"":false,""type"":""work""},{""data"":""1112225555"",""primary"":false,""type"":""mobile""}]}]",[],[null],[null]
ins_117181,688qEydPQgC6LmwDnX1lUeGaNr8LP7ikqdjQ9,"[{""addresses"":[{""data"":{""city"":""Brighton"",""country"":""GB"",""postal_code"":""BN1 2NW"",""region"":""East Sussex"",""street"":""1024 High Street""},""primary"":true},{""data"":{""city"":""ABERDEEN"",""country"":""GB"",""postal_code"":""AB51 7DT"",""region"":null,""street"":""19 Mill Lane""},""primary"":false}],""emails"":[{""data"":""accountholder0@example.co.uk"",""primary"":true,""type"":""primary""},{""data"":""accountholder1@example.com"",""primary"":false,""type"":""secondary""},{""data"":""extraordinarily.long.email.username.123456@reallylonghostname.com"",""primary"":false,""type"":""other""}],""names"":[""Abbey Bickmarsh Caddington""],""phone_numbers"":[{""data"":""+447000123456"",""primary"":false,""type"":""home""},{""data"":""+448000123456"",""primary"":false,""type"":""work""},{""data"":""+449000123456"",""primary"":false,""type"":""mobile""}]}]",[],[null],[null]
ins_117181,X55dWKBM78hZNz6xRV38Hwbma7BezgUJrepkg,"[{""addresses"":[{""data"":{""city"":""Brighton"",""country"":""GB"",""postal_code"":""BN1 2NW"",""region"":""East Sussex"",""street"":""1024 High Street""},""primary"":true},{""data"":{""city"":""ABERDEEN"",""country"":""GB"",""postal_code"":""AB51 7DT"",""region"":null,""street"":""19 Mill Lane""},""primary"":false}],""emails"":[{""data"":""accountholder0@example.co.uk"",""primary"":true,""type"":""primary""},{""data"":""accountholder1@example.com"",""primary"":false,""type"":""secondary""},{""data"":""extraordinarily.long.email.username.123456@reallylonghostname.com"",""primary"":false,""type"":""other""}],""names"":[""Abbey Bickmarsh Caddington""],""phone_numbers"":[{""data"":""+447000123456"",""primary"":false,""type"":""home""},{""data"":""+448000123456"",""primary"":false,""type"":""work""},{""data"":""+449000123456"",""primary"":false,""type"":""mobile""}]}]",[],[null],[null]
ins_117181,wjjPmQJpaKu1L9dAwx3ZUnM1VRj9zbuMaWAza,"[{""addresses"":[{""data"":{""city"":""Brighton"",""country"":""GB"",""postal_code"":""BN1 2NW"",""region"":""East Sussex"",""street"":""1024 High Street""},""primary"":true},{""data"":{""city"":""ABERDEEN"",""country"":""GB"",""postal_code"":""AB51 7DT"",""region"":null,""street"":""19 Mill Lane""},""primary"":false}],""emails"":[{""data"":""accountholder0@example.co.uk"",""primary"":true,""type"":""primary""},{""data"":""accountholder1@example.com"",""primary"":false,""type"":""secondary""},{""data"":""extraordinarily.long.email.username.123456@reallylonghostname.com"",""primary"":false,""type"":""other""}],""names"":[""Abbey Bickmarsh Caddington""],""phone_numbers"":[{""data"":""+447000123456"",""primary"":false,""type"":""home""},{""data"":""+448000123456"",""primary"":false,""type"":""work""},{""data"":""+449000123456"",""primary"":false,""type"":""mobile""}]}]",[],[null],[null]
ins_117181,D55eDyVWb8heZ9pJ3XAVUlEmrqNbMefdr6mND,"[{""addresses"":[{""data"":{""city"":""Brighton"",""country"":""GB"",""postal_code"":""BN1 2NW"",""region"":""East Sussex"",""street"":""1024 High Street""},""primary"":true},{""data"":{""city"":""ABERDEEN"",""country"":""GB"",""postal_code"":""AB51 7DT"",""region"":null,""street"":""19 Mill Lane""},""primary"":false}],""emails"":[{""data"":""accountholder0@example.co.uk"",""primary"":true,""type"":""primary""},{""data"":""accountholder1@example.com"",""primary"":false,""type"":""secondary""},{""data"":""extraordinarily.long.email.username.123456@reallylonghostname.com"",""primary"":false,""type"":""other""}],""names"":[""Abbey Bickmarsh Caddington""],""phone_numbers"":[{""data"":""+447000123456"",""primary"":false,""type"":""home""},{""data"":""+448000123456"",""primary"":false,""type"":""work""},{""data"":""+449000123456"",""primary"":false,""type"":""mobile""}]}]",[],[null],[null]
ins_117181,V553DkrQPWheG1487wZgUMP6ryBEekclvKbQr,"[{""addresses"":[{""data"":{""city"":""Brighton"",""country"":""GB"",""postal_code"":""BN1 2NW"",""region"":""East Sussex"",""street"":""1024 High Street""},""primary"":true},{""data"":{""city"":""ABERDEEN"",""country"":""GB"",""postal_code"":""AB51 7DT"",""region"":null,""street"":""19 Mill Lane""},""primary"":false}],""emails"":[{""data"":""accountholder0@example.co.uk"",""primary"":true,""type"":""primary""},{""data"":""accountholder1@example.com"",""primary"":false,""type"":""secondary""},{""data"":""extraordinarily.long.email.username.123456@reallylonghostname.com"",""primary"":false,""type"":""other""}],""names"":[""Abbey Bickmarsh Caddington""],""phone_numbers"":[{""data"":""+447000123456"",""primary"":false,""type"":""home""},{""data"":""+448000123456"",""primary"":false,""type"":""work""},{""data"":""+449000123456"",""primary"":false,""type"":""mobile""}]}]",[],[null],[null]
ins_117181,5gglmy6NeoFnez6p5J9mcBva8pRM1dFJENzX4,"[{""addresses"":[{""data"":{""city"":""Brighton"",""country"":""GB"",""postal_code"":""BN1 2NW"",""region"":""East Sussex"",""street"":""1024 High Street""},""primary"":true},{""data"":{""city"":""ABERDEEN"",""country"":""GB"",""postal_code"":""AB51 7DT"",""region"":null,""street"":""19 Mill Lane""},""primary"":false}],""emails"":[{""data"":""accountholder0@example.co.uk"",""primary"":true,""type"":""primary""},{""data"":""accountholder1@example.com"",""primary"":false,""type"":""secondary""},{""data"":""extraordinarily.long.email.username.123456@reallylonghostname.com"",""primary"":false,""type"":""other""}],""names"":[""Abbey Bickmarsh Caddington""],""phone_numbers"":[{""data"":""+447000123456"",""primary"":false,""type"":""home""},{""data"":""+448000123456"",""primary"":false,""type"":""work""},{""data"":""+449000123456"",""primary"":false,""type"":""mobile""}]}]",[],[null],[null]
